season,seasonal_JPOS
0,37.47499999999984
1,44.29999999999977
2,39.499999999999815
3,45.12499999999976
