season,seasonal_JPOS
0,37.62499999999983
1,44.67499999999977
2,39.649999999999814
3,45.04999999999976
